3,168,117.30626093849708,1.0194012446630625,6.845848025740293E7
3,174,139.86138514989653,1.029982226228117,8.177174998606263E7
3,162,85.9882770997077,1.0684867498845518,5.0610592096572496E7
3,169,117.87198349356129,1.1021749582840143,6.978006719860005E7
3,169,109.22966593814981,1.1035659591557156,6.467926539428822E7
3,169,109.17923837792978,1.1145178237547888,6.477090926883999E7
3,164,77.6131612719398,1.334955305694217,4.778277483313775E7
3,170,119.49319412370916,1.3982620827981032,7.433504077504368E7
3,177,130.37389855286062,1.6431076417442583,8.43475106700947E7
3,165,81.75135430095673,1.8545600190817266,5.362993694997695E7
3,147,40.395416434179204,1.7811426125608283,2.701803069211969E7
3,171,114.77191004671559,1.8974104090794788,7.721940195008051E7
3,159,67.11041880033962,1.9475933002273902,4.5494615419295974E7
3,147,37.57338323656581,1.9737492264034375,2.5571120387348153E7
3,594,96.33307139082723,1.069272669010336,4.9000332083732925E7
3,607,134.41162695843423,1.0740130390433769,6.843393888821477E7
3,607,130.5989006873911,1.2064846538235274,6.825076349428178E7
3,595,85.10326424779028,1.2608224612663406,4.528403572334342E7
3,595,94.62972693936561,1.2751389471701586,5.107667052404664E7
3,602,99.566473145624,1.416958900111601,5.4162755337605596E7
3,602,101.6037322807625,1.5002422909304474,5.547967204883023E7
3,603,114.65728851195661,1.8144794822255135,6.500844162247375E7
3,609,138.30036879526017,1.7379459937829114,7.963133045967719E7
3,591,55.47283706289578,1.768522134797764,3.2158179077039585E7
3,591,62.85503685526194,1.8442752747758056,3.6599383282067135E7
3,609,138.36681471900832,1.9365204660205224,8.257478475132762E7
3,591,70.07672258913202,2.006608157033989,4.231959577936298E7
3,579,35.232033104388684,2.019346717984002,2.157571191838704E7
3,530,115.79626428830142,1.3828273769818964,2.0903259664064366E7
3,513,52.42308243335859,1.8508412595508505,1.195641151144608E7
3,525,92.59073065194133,1.9040918067357913,2.161867993563335E7
3,48,62.418993229003156,0.9851303483053402,3.1216058876713097E7
3,60,120.92214086242953,1.0164763703413007,6.1061593587702334E7
3,67,133.25991699061194,1.086547833392974,6.729175347688438E7
3,61,129.26271898092986,1.0788106051985482,6.5273303599831186E7
3,60,119.02591933866324,1.0528906095434678,6.010406581643836E7
3,37,29.22791030516302,1.0838469451292903,1.4874862960364241E7
3,61,106.73290531259575,1.0746501484735305,5.434858622484564E7
3,62,108.06556888904598,1.458500373371453,5.915484968593512E7
3,56,87.18020540393057,1.5596245716469361,4.801890652443452E7
3,51,64.09291208608519,1.7768075789517028,3.720928803650502E7
3,57,87.5863257657592,1.9180794530928935,5.252670199570969E7
3,660,62.5,0.5383954789209601,2.875E7
3,667,93.36267707809586,1.1084814845874875,4.384159728402828E7
3,649,33.5,1.18789867012992,1.606325E7
3,661,67.6425559687552,1.3106726911427193,3.3278501990019638E7
3,668,78.42595472147411,1.529357023914296,4.019292546265685E7
3,681,130.92065895532136,1.7452119901335787,7.10043631841338E7
3,669,76.6132739726533,1.9630600366451276,4.158722408534786E7
3,669,84.5,1.8374018613388798,4.609475E7
3,675,129.53965875165875,1.9277770480999943,7.07942942943229E7
3,681,137.09466884816527,1.941800259986594,7.497550372975609E7
3,675,103.03521849518698,1.9217714339137646,5.635549698891295E7
3,669,90.55061596123214,2.005796038830004,5.105435956279331E7
3,651,35.475109674013716,2.060122096613993,2.019745685573225E7
3,675,99.18651968595746,2.0656558581338866,5.652678954887894E7
3,675,101.47846966912215,2.0639182882223297,5.875470149452783E7
3,138,138.51820789167581,0.9881977050756334,5.190423704984384E7
3,127,85.64744204654752,1.1603378053889308,3.365456658840785E7
3,128,89.25347336002834,1.378000048804667,3.637264023941217E7
3,133,109.55295562952031,1.260341657625864,4.47053885762332E7
3,122,56.127413981189925,1.3261833794343012,2.293030476012086E7
3,109,31.324571517500313,1.302059891616492,1.2915443034452077E7
3,300,66.39768506317047,1.0219353866419927,2.2830519854031317E7
3,313,124.06711729994575,1.0917958848758047,4.354061926862559E7
3,319,139.50988869663698,1.0961940583411656,4.902251884332567E7
3,242,128.46871497347036,1.3395427482392597,3.661658970232978E7
3,248,135.50027339536535,1.4591295081604663,3.866228398611813E7
3,229,63.44029157637717,1.3065548559290785,1.8573226803895295E7
3,242,121.6277700048045,1.425807157063931,3.5769067502216935E7
3,242,121.52776658385305,1.531911220008012,3.778685750467707E7
3,166,97.99491945825191,2.624545302986398,7.099371846455623E7
3,598,75.47414649659729,2.5377066752610795,4.947431598827194E7
3,538,131.27612841367795,2.285537679476604,3.573959664756955E7
3,508,33.5,2.3638930845158392,9172094.096479611
3,64,111.47396717173461,2.1530155189969618,6.691298553319698E7
3,64,121.04790148467593,2.193182663892616,7.53962266554132E7
3,58,74.28205154413008,2.479980571807373,4.834248883791965E7
3,64,120.12512321888448,2.231891927382931,7.54924992335599E7
3,604,125.83642046351359,2.581028642048601,7.760846976514602E7
3,604,129.93194514401068,2.104380369268303,7.97572935681981E7
3,604,122.59653663749786,2.2306412190582647,7.682746442226832E7
3,283,133.74916678406493,1.3080599158447304,3.40141693176715E7
3,76,27.9016967346444,2.6141507393523304,9370777.678363781
3,13,57.919504776155094,1.3121753395200002,1.8124904345730737E7
3,361,30.217982201142565,1.312039195993615,1.1079628005743245E7
3,396,33.5,0.5383954789209601,8106999.999989815
3,416,96.83214978056861,1.5661313368748635,2.7236295118985526E7
3,243,110.46867225034383,1.8829262164538245,3.915792923155203E7
3,276,103.60487041596568,1.0366304436465,2.378599096629352E7
3,693,53.0591088360337,1.7938814681066932,2.0592079754242983E7
3,231,67.71038256564002,1.6927235007470087,2.2515029876360852E7
3,566,114.0615486434353,1.559060022300148,2.3215534775337014E7
3,202,92.72911708636612,2.1741817673659996,2.6815561424423352E7
3,326,28.91694599829415,1.3228467473852565,1.4232125839973696E7
3,297,46.85753514718574,1.6527664291938535,1.956192964140803E7
3,100,117.56405452222155,2.6253713810646575,2.9352206004600402E7
3,444,59.31195496177924,1.0616493909545826,2.1274333575276718E7
3,110,41.47092551467023,1.637028050762073,1.9033349492049072E7
3,190,51.940635551603826,2.60985607259543,1.4560322435535125E7
3,278,107.41832725656248,1.5378596391375985,2.9085441141718592E7
3,19,72.80756581995877,1.318652921118789,2.1930259987453505E7
3,400,27.70061230512372,2.466219980474442,1.1247439088937238E7
3,196,67.89651386261752,2.6106985214859324,2.3653478310059905E7
3,292,35.73078904007079,2.492155699185358,1.8247881580538362E7
3,74,26.208061593763883,1.4513171178290072,6557910.903325325
3,6,46.024183843102264,1.0288429247620678,1.3393117524651237E7
3,410,68.54903354670822,1.333384091184037,1.8547535316984434E7
3,226,49.08206523506581,2.2926280018563183,1.9662035847977612E7
3,436,31.053376743285934,2.591957789146925,1.6379448767596265E7
3,291,36.32779426024265,2.0175506365910794,1.6911985001842216E7
3,196,59.23252600281371,2.1122638617100424,1.840660146143081E7
3,181,39.363582406219045,1.219287636835418,8828827.140763434
3,291,37.71621606451573,2.0171033887972833,1.7410915664916094E7
3,97,107.38775563426044,1.2823692539936378,2.247404155649716E7
3,442,45.466478653872414,2.0909519149817,2.0765470842224967E7
3,526,91.03856061685865,2.6818835023437764,2.3162283657316186E7
3,475,51.83374240465817,1.2095776324899605,2.09774156866721E7
3,692,44.01154679036004,1.422412142206639,1.6024584507484466E7
3,566,116.56408759024085,1.547894809862356,2.2567269558068078E7
4,169,118.4281830744112,1.180169047973539,7.025787333516394E7
4,175,137.58588422165514,1.1482143642077476,8.215881660746473E7
4,163,76.30137218125756,1.1643784225709894,4.568886543726329E7
4,146,28.030895788960336,1.3781254620179626,1.739603512717103E7
4,164,74.47553819254298,1.5610297673289835,4.760944505869998E7
4,165,84.90178214040162,1.7150578653142257,5.6260795188487574E7
4,165,94.33197742071644,1.860282634724285,6.312766215572476E7
4,171,114.44648833929419,1.914772604050997,7.700089186836205E7
4,582,51.10185051463163,1.0148082316707054,2.5731571534360863E7
4,589,62.5,1.1871310754494002,3.246875E7
4,601,122.5733200062143,1.2062383043453544,6.4113878487148605E7
4,601,119.78770484829388,1.2217345059443951,6.378944008082424E7
4,584,46.01113056690299,1.4427650336436992,2.485877582146342E7
4,590,61.56028486136948,1.4151303003271958,3.3512038484739207E7
4,602,111.5640301592977,1.6024230800983472,6.2864766215424806E7
4,585,45.95149051725366,1.6746558728984342,2.6231659666902736E7
4,597,96.07750369841209,1.911045036871231,5.5747031610267706E7
4,609,130.4609061632193,1.7961627014188684,7.602004803725491E7
4,579,33.5,1.8340362538935244,1.961425E7
4,603,110.98887749625196,2.044444625540705,6.663989926907727E7
4,603,111.3539218745623,2.0479178980336337,6.729932076799528E7
4,591,60.6962232024021,2.0275002131985405,3.683375430670498E7
4,513,52.72477940478696,1.8955329732959834,1.2220241203943422E7
4,54,90.79408770751279,1.048752597526359,4.603243648010039E7
4,37,34.63541574834749,1.2167859624133284,1.809788851639159E7
4,61,103.67773384582503,1.203843435304548,5.420491664998057E7
4,56,85.31998365942765,1.3751129987543562,4.540647763998788E7
4,62,113.63287929450206,1.4560976534091497,6.2245950296991386E7
4,38,35.61612676378221,1.5107079568186663,1.9678361678329382E7
4,56,97.68197213706907,1.6075026907629217,5.442028978183391E7
4,38,36.64994757732143,1.63370255431472,2.0768691076941337E7
4,63,107.14365058760299,1.7177638423325363,6.2594406338746816E7
4,57,91.34608044685426,1.7352928211648067,5.339574607068005E7
4,63,124.29833981014498,1.9181172140888831,7.307124522707956E7
4,63,113.47936066461607,1.8209219411344122,6.671109367994619E7
4,39,34.604146771033754,1.8735671790423778,2.0456215096915014E7
4,57,76.95707715624437,1.947637115037326,4.615219810747186E7
4,57,77.19746381751844,1.905447521072183,4.629636123350886E7
4,672,103.28589649231425,1.0473503386267675,4.821954830447138E7
4,661,63.337402839956866,1.1531148086108292,3.0150473263635784E7
4,674,98.0768938865629,1.5714669539782284,5.100206717338239E7
4,656,46.53611166431986,1.6280484689761614,2.4482666245331462E7
4,675,122.98181672682546,1.6741667182333315,6.595376419916028E7
4,675,103.85374872165096,1.9638173546100315,5.7971805741995245E7
4,663,54.415390818556766,1.9456488233225597,3.040049397109128E7
4,636,113.23723310249856,1.0534231961043288,4.6260289100879215E7
4,636,129.80596906409937,1.0263680579050087,5.348895551236973E7
4,636,102.49545276845507,1.0238825666937361,4.285272499358213E7
4,625,59.768741443042884,1.2029756691556777,2.567368059737746E7
4,619,52.80070521343096,1.1106539311716093,2.287926405273049E7
4,637,122.35776574318953,1.128656661894723,5.304627525661554E7
4,637,113.51603106202393,1.3182153676231108,5.005574134893925E7
4,637,99.60516588667531,1.2906579286123863,4.415609690450334E7
4,638,110.74067739592653,1.334228598986863,4.975376924141359E7
4,638,99.43069096086576,1.338448121902063,4.478478825296921E7
4,626,58.34195839345622,1.4039297244877522,2.662063753061194E7
4,638,106.38530878781981,1.4203110077627155,4.871729456601123E7
4,638,103.60211485468528,1.4419405364628204,4.766797267229835E7
4,626,69.49871817890133,1.5586112794298939,3.229976587965818E7
4,614,41.91413713032567,1.5057204041255514,1.985137188863407E7
4,123,62.338970954915496,1.8126765425576798,2.393624414436607E7
4,127,83.30969494184151,1.2994736284707946,3.3856153951059006E7
4,134,127.99661178878392,1.3854336023193203,5.2325291399241015E7
4,140,132.75360225685205,1.4606439953753796,5.5258284744071715E7
4,134,113.20551045164883,1.3967495027495884,4.743949064860942E7
4,128,87.48781096921013,1.4109666931444702,3.70907010706166E7
4,313,113.73426482628975,1.1751389541058492,4.00293478342752E7
4,307,83.71091970633677,1.2535461038145728,2.9879615318812057E7
4,313,122.99699179049757,1.1412559680952632,4.392261186311161E7
4,307,71.87750213396023,1.2712624765865486,2.617448540490744E7
4,308,92.67366110153544,1.4052858906750192,3.457335402319991E7
4,308,77.33998672490549,1.3828329806516282,2.9472912727626838E7
4,290,36.315589458611875,1.4236495895139671,1.3931772037427228E7
4,314,129.6552457511416,1.62835067904,4.982727673004659E7
4,308,86.45530759072642,1.581922390008579,3.397559126008225E7
4,320,137.5062272079552,1.4973808183524389,5.424939141098631E7
4,320,132.71911193335478,1.559576905860916,5.257001066773644E7
4,302,63.79307080479228,1.6154239712148488,2.533531009024756E7
4,248,139.29202270238852,1.4080340275542969,3.9727959157604605E7
4,230,60.53286540087961,1.5927582174583312,1.9521844493145503E7
4,242,111.6418246748318,1.6093672483071175,3.6591263193702385E7
4,249,139.76658122881727,1.7143550819317497,4.610650223417908E7
4,610,133.5681956636622,2.6663017254648436,7.648232651117209E7
4,604,125.59324042759964,2.142629701348478,7.769199566782743E7
4,70,131.351181953312,2.2120221334244663,8.233925668900536E7
4,52,56.2644269109808,2.2915585793742497,3.4598304762388244E7
4,610,134.5765287823466,2.158944705505455,8.34730651564798E7
4,64,118.92800403148023,2.081875739533673,7.407582153556392E7
4,52,61.71952213744055,2.3894306906781253,3.9358872705197975E7
4,53,64.96557181501251,3.1825,4.639353897239581E7
4,64,101.85395851457895,2.620534300291994,6.797305233346474E7
4,604,118.40172009950616,2.238143965085382,7.419870241014533E7
4,604,107.46154197922955,2.3667677334030524,6.934846522116296E7
4,472,36.009704225210754,2.4963796651080097,1.9966215366620917E7
4,284,131.33946599713863,1.4500359875238384,3.439597474347257E7
4,99,121.47492000534122,1.8764174385550438,3.280280170828983E7
4,532,126.04521783005337,2.3060896220625713,3.515972713528265E7
4,358,130.39881559512594,2.3580891652890283,7.092272732437398E7
4,717,139.83978966552002,2.0368566117361944,6.170506534219489E7
4,676,103.40936901562469,2.2233090088696335,5.4268548807946235E7
4,360,31.969893795807792,0.9900281326100696,1.0585472860972082E7
4,111,34.86981258924799,1.9702922418791704,1.7606101086755887E7
4,92,76.51691286582329,1.4585257600668824,1.794381638049885E7
4,482,60.92835455986239,1.3313733732107629,2.5550915865186214E7
4,184,35.313062573500936,2.2159045935930037,1.1854685559347706E7
4,652,39.577723814412764,2.4583832677688506,2.310303039864605E7
4,268,68.52098089237049,2.1246649261317976,2.3298748529567525E7
4,416,97.71633780564142,1.5595558159273035,2.7128502414459053E7
4,273,82.93152217692528,1.7182319340150407,2.4539706587578736E7
4,86,58.49823609078251,1.4742629474571731,1.4826470916155724E7
4,93,88.29725922852707,2.030756459560585,2.4602740541237276E7
4,550,43.42940928429531,2.260743901854122,1.2929617461763142E7
4,88,70.16772248195741,2.520000184190933,2.3279894435862232E7
4,446,65.03324286071272,1.5945640349365935,2.6275011096380733E7
4,445,59.92629371465366,1.2841102459304432,2.2608914843931288E7
4,520,58.99193696322304,2.4023299343604814,1.809451804512567E7
4,403,50.625294746773875,1.299488821671703,1.397559523987942E7
4,379,71.22078670326516,1.1357626126299303,2.290911650981121E7
4,572,131.57573781447093,1.3291944042197732,2.4004336423657797E7
4,82,45.516158711986634,2.5743149370059784,1.6568710982213112E7
4,544,38.78150802381409,2.2657970586812475,1.1567857182288162E7
4,206,106.7207666590198,1.5184920171851586,2.539045051317076E7
4,421,113.5296307098955,1.1592031423185405,2.7051647511112325E7
4,514,51.505168787912176,2.2127219347382527,1.5056318850031944E7
4,183,29.376709328424866,1.990563694291557,9147739.596967578
4,628,58.21607037795066,2.077362801022581,2.9150871628437784E7
4,9,48.0,1.8340362538935244,1.785168537175717E7
4,297,52.37460852806741,1.8909672541761644,2.2680878581445087E7
4,205,126.19203882758913,1.1143973631063269,2.4785316868608836E7
4,435,29.870329470141332,1.7065438823765247,1.3606523526342776E7
4,187,46.26224889556192,1.2635706775318245,1.0631356347246012E7
4,403,49.94882109125421,1.3065369116099061,1.3917153038864084E7
4,544,29.70753001735814,2.124023667310463,8388576.367510064
4,370,45.96942029928268,2.597588451928385,2.1856399549977582E7
4,231,60.352829115408326,1.8342560805165944,2.1420436239437543E7
4,268,63.512537310060864,2.678128833329391,1.6645452914358707E7
4,22,77.50847337242253,2.5955950374099457,2.4385817341899738E7
4,540,27.17520154329295,1.0060749234879525,4264017.84731759
4,700,55.008245332006126,2.5148193499223552,2.5058470609937374E7
4,652,40.115616365329345,2.397314877338179,2.4312241066614192E7
5,168,128.45235274606802,1.012112874011738,7.497439247694607E7
5,162,89.46885555807302,1.053578580059043,5.2600728884387195E7
5,162,96.26472710935995,1.0593006921415637,5.6652597300419815E7
5,169,124.1738558835459,1.117634870943619,7.351076779272512E7
5,169,108.1859479549337,1.1231678309827076,6.418163675859603E7
5,151,45.61056397965741,1.2487519844216004,2.76350022645538E7
5,170,114.42115701160344,1.4121580100622377,7.110255549857359E7
5,170,99.9134488395386,1.5163856130616449,6.347795007812795E7
5,158,60.39549343544701,1.5368261501462128,3.849748814336897E7
5,171,112.99554560511899,2.0677021806825726,7.248111581032737E7
5,170,110.30317142697778,1.5835454769118842,7.08190549509695E7
5,164,81.18263881831786,1.578548507600256,5.2191228237137765E7
5,165,96.4909417074615,1.6965413892501613,6.329929533601013E7
5,165,91.74341565851071,1.7007334608721818,6.079445434631885E7
5,153,48.0,1.8306841088779504,3.2568382154022947E7
5,601,106.13748892903831,1.0889505134493247,5.308540778107652E7
5,588,55.61934846613313,1.0245837101259518,2.808511061696767E7
5,602,115.55214273284686,1.3961546030940744,6.274639045246728E7
5,602,125.06929465800665,1.5277276273728007,6.881940277573247E7
5,596,87.20569065281158,1.5508726825988084,4.873594955831545E7
5,597,96.43874375803803,1.7225557592972291,5.5591941270925164E7
5,591,59.141959106668715,1.6842312588943276,3.428520718640746E7
5,591,68.85167764291523,1.8922130692098444,4.067038957736206E7
5,603,101.9827223154658,2.045804582137794,6.163561935100367E7
5,603,112.62066449685732,2.0595086149054187,6.806490599959904E7
5,597,85.29016806162187,2.013819605481875,5.171002333436037E7
5,579,31.68457267555997,1.9841416987532112,1.940328593242394E7
5,609,137.9307388568027,2.019309780348565,8.532397387979202E7
5,343,85.57445859686206,1.1322927992537348,3.5655344391284734E7
5,355,131.3151271225128,1.1151798900671615,5.532346061813746E7
5,348,104.94972761260937,1.0146584980922977,4.4491914167554446E7
5,343,75.16158996144058,1.1482417590101,3.1912772895891685E7
5,348,122.52809996561001,1.0319187292825467,5.307160308357976E7
5,348,121.26330571810453,1.012863354491989,5.252377235491551E7
5,325,35.61744059957003,1.1130035609887716,1.545830274493374E7
5,337,69.11274965586185,1.1516562757898852,3.026922214238637E7
5,350,109.79630009099903,1.4023372618456182,4.830421253225011E7
5,487,96.94055014463882,1.2458553870930942,3.7196634936675645E7
5,492,113.29140905374254,1.0178664396109396,4.353382041348626E7
5,493,125.38999825248592,1.089393148736582,4.836505310090415E7
5,493,112.5013531179995,1.3131286077837634,4.433088782831073E7
5,493,109.7938136229042,1.201992576378722,4.359670666885421E7
5,493,129.06883125419517,1.1381731899092575,5.1333312572699815E7
5,499,133.7899305574715,1.3056515452633466,5.330403010978637E7
5,462,131.97826742211896,1.005259933615171,4.325842861495064E7
5,456,119.30523233858645,1.0217339049017047,3.996305953746551E7
5,6,48.7980341686938,1.0333481237411848,1.2972954557367671E7
5,13,62.5,1.1863665511476027,1.746875E7
5,32,139.62350428432626,1.4712633263367818,3.959986291496817E7
5,32,132.25244969992167,1.4106994133852384,3.8080500117864646E7
5,404,46.70393460238295,1.5488845437654069,1.2994698534659564E7
5,422,129.34143532048373,1.5859762309904712,3.643334054771076E7
5,423,115.55295998598982,1.7067839832507197,3.315888757085014E7
5,429,137.98213894876733,1.8717452925913423,4.146336466515142E7
5,516,60.651894630327774,1.0646111552895283,8933971.283613402
5,517,55.46187008334341,1.1092349814936784,8520237.367504667
5,517,69.34243547534464,1.2622172379700092,1.1739252179644082E7
5,529,103.63469418573996,1.2954826110471445,1.789785844300004E7
5,519,69.4397733615538,1.8805443386507064,1.6153886043862207E7
5,42,53.637499228148826,1.0019395091034495,2.6851383068082538E7
5,66,135.97185644600123,0.9799475821163092,6.866119122979209E7
5,60,126.6875462542408,0.9841484612700441,6.397292842177247E7
5,38,36.134257457631854,1.43611176094805,1.96961474608095E7
5,56,79.60262326083036,1.426096325304881,4.3469455937402606E7
5,62,121.91368275228638,1.4712753710608226,6.7069266588113114E7
5,62,111.08331717273563,1.5674820556852953,6.2669254492582574E7
5,63,101.11180366364972,1.6567691249303464,5.772044010585084E7
5,57,71.82344943072307,1.7569132363394375,4.165527237454464E7
5,63,128.6321728420309,1.8570860987173794,7.514821877873936E7
5,63,111.68427197216317,1.7039076362122332,6.524708336082738E7
5,63,100.5536371214025,1.7372016510097763,5.877796231598042E7
5,63,110.13376612115944,1.7307420375684275,6.441912822112516E7
5,63,124.88027846587626,1.9504468130607167,7.448509788557915E7
5,57,91.0683957593751,1.8997405151690814,5.461494637956496E7
5,45,49.509805704811725,2.0574571199999996,3.014942473929234E7
5,672,102.66797693356916,1.0271240471205563,4.776241443848669E7
5,667,90.5176553892056,1.2618559342516817,4.4286387686330244E7
5,674,113.35992225533502,1.5565553624288848,5.603016274395446E7
5,680,133.85725021263565,1.3264139798797263,6.6450386290992364E7
5,668,78.80828537200189,1.4434520111175584,4.0023458223338164E7
5,662,58.98694555270007,1.4885713431450307,3.0110242288993426E7
5,674,101.45931816757765,1.6282827806882085,5.344790193363829E7
5,668,78.73338118979623,1.6296549627917036,4.148713911652972E7
5,681,130.07994379415106,1.730790360044988,7.054840424599162E7
5,651,31.897112228150526,1.8642078594245983,1.750940846536797E7
5,669,80.68906517242688,2.0301029007295686,4.582747420091447E7
5,636,125.65181825023664,1.0671641904859954,5.2965904459364675E7
5,637,117.53573718913809,1.1055398673003278,5.0226042523281485E7
5,613,37.13635969566048,1.3096509956092726,1.680050231836775E7
5,638,110.80709869165914,1.4873365839078603,5.098303021843964E7
5,632,81.24841048344379,1.4145131780983033,3.770573204955051E7
5,639,104.0879927547712,1.7127008235997414,4.877896455973905E7
5,639,103.11388270126292,1.780746098855338,4.837536089638724E7
5,632,93.97135855042029,1.4889834054750744,4.440357836281903E7
5,632,92.42142644473171,1.5428863951728848,4.389747775496148E7
5,639,117.32107963034362,1.8139714582316788,5.5861210700157724E7
5,633,86.96954517714303,1.7149168576184044,4.182428746518515E7
5,633,91.89374065010057,1.6518539485517045,4.428063968209592E7
5,614,40.3531273543607,1.6180410402551937,1.9519539225348037E7
5,632,90.96873981204722,1.5955608329516402,4.419654018256372E7
5,627,67.10892733335561,1.771996908949151,3.323280647564005E7
5,633,96.33468672036035,1.825069357945035,4.785920427237676E7
5,114,51.74016564368046,1.0390138237102857,1.988923406573974E7
5,132,125.64048102294852,1.003573628065939,4.875794022008515E7
5,140,135.88289551025903,1.5257411290777037,5.656084358017697E7
5,135,101.0059166713342,1.67621650511967,4.238978220357898E7
5,134,123.0948108654177,1.6366662438709676,5.183787999088694E7
5,128,89.40735246506628,1.4615473233061445,3.7843128321437314E7
5,314,121.59929565083476,1.5059623114472958,4.744839072049284E7
5,303,65.737903440437,1.7293265929368624,2.581335504016645E7
5,315,118.17662699971187,1.6730415411883293,4.648103629997862E7
5,309,75.0299244454809,1.654123227946421,2.96580845816912E7
5,314,103.71315153502329,1.5681170243321265,4.155043801731561E7
5,309,74.22482242733983,1.6676429152093943,2.9887890947964013E7
5,303,64.90477588374318,1.7257126126394449,2.6245038343476802E7
5,290,28.94709249444343,1.62582127632384,1.1720401979610048E7
5,321,136.79469713525003,1.797860775734877,5.545104227404846E7
5,315,105.92269856266839,1.9073618895749749,4.318934395191678E7
5,709,103.79198470145903,1.1585275603290357,3.2090830545156363E7
5,709,98.94323009854202,1.1469844562607274,3.1413502133751445E7
5,246,136.8213291611973,1.0679817210309452,3.685933752104292E7
5,223,46.02724002904997,1.1103433192602286,1.2599352389473783E7
5,229,55.195693359515374,1.242829808520254,1.585816321600507E7
5,223,44.6197826444333,1.2936180102836665,1.3051751257097121E7
5,243,116.04265203243008,1.7118014816277443,3.8330792019018486E7
5,243,111.64210961193065,1.9419607653124233,3.715439165401754E7
5,236,87.63255884150088,1.604575934355031,2.9208003101018816E7
5,243,117.56180246293229,1.89841070725982,3.922658585897172E7
5,243,127.79135658564489,1.7684389167134795,4.2941854931510255E7
5,178,134.6799813862675,2.631994852242961,8.323668587343669E7
5,178,137.0638911239663,2.0858292759904953,9.585944530901347E7
5,586,42.813366645157615,2.61445043763422,2.7301571602341868E7
5,580,30.955213189079362,2.3231423106353724,1.9685795857574575E7
5,592,64.5050786580073,2.489715348136794,4.099477371919675E7
5,580,35.650003552122726,2.498494685493792,2.3383932098687265E7
5,508,25.754902438839427,2.151956133641154,6707436.604561183
5,508,40.9699567733922,2.553004073344923,1.2353028712078929E7
5,70,134.37187390188737,2.4372652400271275,8.729586150200526E7
5,53,57.44063666204099,3.16,4.040449773643582E7
5,58,71.30274957061292,2.587638327923154,4.557958631401284E7
5,598,93.5730015952977,2.673862577037491,4.718694557419151E7
5,598,90.04322275170131,2.646624833844247,5.593134683880168E7
5,58,82.2940644293756,2.350371961670523,5.177553120852239E7
5,598,87.38195873189495,2.543563393843743,5.727293848580239E7
5,40,40.12829397169476,2.1759513148522522,2.4914337014033258E7
5,40,35.49930213555654,2.2737936921075352,2.2281607301034022E7
5,40,26.05816940672444,2.3820006444571575,1.6728655178220816E7
5,260,43.86722545259187,1.375500760505758,1.258935814609965E7
5,472,29.272868345010803,2.0732381880279114,1.5263582041202221E7
5,33,130.64867511510613,2.0392296168885893,4.59124794503999E7
5,316,124.4255571962696,2.2902499765575075,5.745584555891365E7
5,658,43.16763480095976,2.0844561736695133,2.4987289905226532E7
5,352,125.50634723988945,2.585099590207638,6.801894493361387E7
5,244,127.711872415054,2.6007500723447152,4.983588396181847E7
5,436,26.983440846443273,2.292340847049764,1.3636318955395851E7
5,501,131.83410712581582,1.704528757729653,5.993200043766423E7
5,116,48.0,1.4645945874402528,2.117819915341843E7
5,568,127.78188873507834,2.126083997240575,3.410306460053811E7
5,616,34.00924022330241,2.5558316241890835,2.028573658455883E7
5,400,28.412712976088706,2.5649655293794753,1.1595873302224264E7
5,717,137.08860315350827,1.7392218598301976,5.1950003130209595E7
5,446,67.53555398182212,1.3780357746981056,2.588573482409192E7
5,254,31.343539735970907,1.4966603403816148,9423113.408186184
5,99,116.06801294125397,1.6916965172690328,2.9674257934156105E7
5,405,50.706713849488565,1.8374547793296447,1.689728259456556E7
5,622,44.764287925953774,2.071556964096974,2.385722462200879E7
5,328,34.65374052123901,2.492400357902585,1.9899717776618607E7
5,200,74.40148990412973,1.5145305879763957,1.8926853436793815E7
5,658,43.19464046912327,2.1929296458464296,2.525290301282036E7
5,412,60.85767163673267,2.2590410879609832,2.1773121829336584E7
5,368,48.0,1.4645945874402528,1.78056879112904E7
5,3,40.11123727801681,2.0030885178904834,1.5699679549228387E7
5,567,104.29418824347879,1.7542149736218575,2.3538358459176116E7
5,286,139.0567665992216,2.461479668033116,5.097223497841588E7
5,204,117.36120700495697,1.0328210403095188,2.2630169670182526E7
5,472,35.98606242540974,2.5962699554054463,1.9734695815422636E7
5,621,44.36500744497865,1.9529437179353186,2.3060348937893897E7
5,442,43.94931143418803,2.2762065177977076,2.09577272503053E7
5,616,31.827839968215045,2.3014251895777718,1.8332845433043566E7
5,292,34.97498178878968,2.5624035741762543,1.6132810586015282E7
5,292,41.285273826824856,2.086498419216414,1.9355852967906073E7
5,97,108.33659648564203,1.2314235373003404,2.2899330906074814E7
5,433,35.4667040551163,1.314774807714955,1.4179508709211446E7
5,628,55.36284315626274,2.671907459862458,2.499253054512319E7
5,182,29.548008915029403,1.52088662788974,7663851.907339981
5,187,52.234730979354616,1.3016777800023696,1.2257904103000248E7
5,562,72.01760387883846,2.283857720527292,1.9593762410742614E7
5,273,75.88133094733453,1.689180492828448,2.271255521850463E7
5,405,48.59994575376103,1.9043533326227566,1.6421737200673373E7
5,652,41.66162208305408,2.345028913607673,2.4571068473634277E7
5,399,33.5,1.8306841088779504,1.1257674999982718E7
5,117,48.0,1.8306841088779504,2.249677695146096E7
5,10,44.11569540177641,2.434608754136914,1.8838051647273462E7
5,15,68.7079959981181,1.9853843332440633,2.5081696617481712E7
5,190,53.722514152412614,2.613210175073298,1.9314319363155548E7
5,446,62.5,1.4645945874402528,2.425E7
5,292,33.43847662188493,2.3645574505415765,1.6844013214823794E7
5,435,37.01014870153919,1.9365589455110044,1.6842441706330154E7
5,291,31.89514896989951,1.8227579003094727,1.4609354983566297E7
5,148,25.43822800354578,2.470793361126415,1.9249025872766692E7
